﻿pos_x,pos_y,rotation,side,designator,mpn,pack,footprint,value,mount_type
141.478,-88.138,-90.0,top,A1,,,esp32-c3-supermini,~,smt
110.998,-75.438,0.0,top,A2,,,Pololu_Breakout-16_15.2x20.3mm,Pololu_Breakout_A4988,tht
120.142,-102.576,90.0,top,C1,,,CP_Radial_D8.0mm_P2.50mm,100u,tht
146.558,-101.854,0.0,top,J1,,,PinHeader_1x02_P2.54mm_Vertical,Jack-DC,tht
141.478,-75.692,-90.0,top,J2,,,PinHeader_1x06_P2.54mm_Vertical,Conn_01x06_Pin,tht
106.68,-80.518,0.0,top,M1,,,PinHeader_1x04_P2.54mm_Vertical,Stepper_Motor_bipolar,tht
108.794,-98.004,0.0,top,R1,,,R_Axial_DIN0204_L3.6mm_D1.6mm_P5.08mm_Horizontal,R,tht
108.794,-100.29,0.0,top,R2,,,R_Axial_DIN0204_L3.6mm_D1.6mm_P5.08mm_Horizontal,R,tht
108.794,-102.576,0.0,top,R3,,,R_Axial_DIN0204_L3.6mm_D1.6mm_P5.08mm_Horizontal,R,tht
108.794,-104.862,0.0,top,R4,,,R_Axial_DIN0204_L3.6mm_D1.6mm_P5.08mm_Horizontal,R,tht
142.898,-105.41,180.0,top,SW1,,,SW_PUSH_6mm,SW_Push,tht
132.992,-105.41,180.0,top,SW2,,,SW_PUSH_6mm,SW_Push,tht
