﻿Designator,Quantity,Value,Footprint,Package,MPN,DNP,Mount_Type,Description
A1,1,~,esp32-c3-supermini,,,,smt,
A2,1,Pololu_Breakout_A4988,Pololu_Breakout-16_15.2x20.3mm,,,,tht,"Pololu Breakout Board, Stepper Driver A4988"
C1,1,100u,CP_Radial_D8.0mm_P2.50mm,,,,tht,Unpolarized capacitor
J1,1,Jack-DC,PinHeader_1x02_P2.54mm_Vertical,,,,tht,DC Barrel Jack
J2,1,Conn_01x06_Pin,PinHeader_1x06_P2.54mm_Vertical,,,,tht,"Generic connector, single row, 01x06, script generated"
M1,1,Stepper_Motor_bipolar,PinHeader_1x04_P2.54mm_Vertical,,,,tht,4-wire bipolar stepper motor
"R1, R2, R3, R4",4,R,R_Axial_DIN0204_L3.6mm_D1.6mm_P5.08mm_Horizontal,,,,tht,Resistor
"SW1, SW2",2,SW_Push,SW_PUSH_6mm,,,,tht,"Push button switch, generic, two pins"
