﻿pos_x,pos_y,rotation,side,designator,mpn,pack,footprint,value,mount_type
71.3,-54.88,0.0,top,A1,,,Pololu_Breakout-16_15.2x20.3mm,Pololu_Breakout_A4988,tht
102.46,-67.0,-90.0,top,A3,,,esp32-c3-supermini,~,smt
78.5,-84.0,90.0,top,C2,,,CP_Radial_D8.0mm_P2.50mm,100u,tht
107.5,-81.225,0.0,top,J1,,,PinHeader_1x02_P2.54mm_Vertical,Jack-DC,tht
102.54,-53.5,-90.0,top,J2,,,PinHeader_1x06_P2.54mm_Vertical,Conn_01x06_Pin,tht
67.0,-59.92,0.0,top,M1,,,PinHeader_1x04_P2.54mm_Vertical,Stepper_Motor_bipolar,tht
66.38,-78.5,0.0,top,R1,,,R_Axial_DIN0204_L3.6mm_D1.6mm_P5.08mm_Horizontal,R,tht
66.42,-81.0,0.0,top,R2,,,R_Axial_DIN0204_L3.6mm_D1.6mm_P5.08mm_Horizontal,R,tht
66.42,-83.5,0.0,top,R3,,,R_Axial_DIN0204_L3.6mm_D1.6mm_P5.08mm_Horizontal,R,tht
66.38,-86.0,0.0,top,R4,,,R_Axial_DIN0204_L3.6mm_D1.6mm_P5.08mm_Horizontal,R,tht
92.5,-85.0,180.0,top,SW1,,,SW_PUSH_6mm,SW_Push,tht
102.5,-85.0,180.0,top,SW2,,,SW_PUSH_6mm,SW_Push,tht
